<?xml version="1.0" encoding="UTF-8"?>
<project-private xmlns="http://www.netbeans.org/ns/project-private/1">
    <editor-bookmarks xmlns="http://www.netbeans.org/ns/editor-bookmarks/2" lastBookmarkId="0"/>
    <open-files xmlns="http://www.netbeans.org/ns/projectui-open-files/2">
        <group>
            <file>file:/D:/SWT/Adv%20Java%20P/P1/WebApplication1/web/xyz.js</file>
            <file>file:/D:/SWT/Adv%20Java%20P/P1/WebApplication1/web/delete.jsp</file>
            <file>file:/D:/SWT/Adv%20Java%20P/P1/WebApplication1/web/search1.jsp</file>
            <file>file:/D:/SWT/Adv%20Java%20P/P1/WebApplication1/web/showall.jsp</file>
            <file>file:/D:/SWT/Adv%20Java%20P/P1/WebApplication1/web/mymenu2.jsp</file>
            <file>file:/D:/SWT/Adv%20Java%20P/P1/WebApplication1/web/insert.jsp</file>
            <file>file:/D:/SWT/Adv%20Java%20P/P1/WebApplication1/web/login.jsp</file>
            <file>file:/D:/SWT/Adv%20Java%20P/P1/WebApplication1/web/regis.jsp</file>
            <file>file:/D:/SWT/Adv%20Java%20P/P1/WebApplication1/web/login1.jsp</file>
            <file>file:/D:/SWT/Adv%20Java%20P/P1/WebApplication1/web/mymenu.jsp</file>
            <file>file:/D:/SWT/Adv%20Java%20P/P1/WebApplication1/web/insert1.jsp</file>
            <file>file:/D:/SWT/Adv%20Java%20P/P1/WebApplication1/web/mymenu1.jsp</file>
            <file>file:/D:/SWT/Adv%20Java%20P/P1/WebApplication1/web/update.jsp</file>
            <file>file:/D:/SWT/Adv%20Java%20P/P1/WebApplication1/web/regis1.jsp</file>
        </group>
    </open-files>
</project-private>
